{"_wandb":{"runtime":452},"_runtime":452,"training_loss":0.018358157947659492,"training_accuracy":1,"_timestamp":1.76787956284919e+09,"_step":9379}