{"_wandb":{"runtime":453},"training_accuracy":0.9375,"_timestamp":1.76787876486795e+09,"_step":9379,"training_loss":0.21910345554351807,"_runtime":453}