{"_timestamp":1.767877636263521e+09,"_step":9379,"_wandb":{"runtime":457},"_runtime":457,"training_loss":0.0006102675688453019,"training_accuracy":1}